T_er,a,mu
0.13759653077305864,0.06806809026362964,0.16907827369014472
