T_er,a,mu
0.15853078216314315,0.05325116828083991,0.23084986954927444
