likelihood,elapsed_time
-1.0297338685372333,24.540827751159668
