T_er,a,mu
0.13440938749038545,0.06190993391616822,0.2392671582416933
